D3,density_prior1,density_prior2,density_prior3,density_prior4,posterior
1.5,2.169661295464672e-218,2.169661295464672e-218,2.169661295464672e-218,2.169661295464672e-218,2.169661295464672e-218
1.5032064128256513,8.668691459940446e-220,8.668691459940446e-220,8.668691459940446e-220,8.668691459940446e-220,8.668691459940446e-220
1.5064128256513025,3.4281487247942125e-221,3.4281487247942125e-221,3.4281487247942125e-221,3.4281487247942125e-221,3.4281487247942125e-221
1.509619238476954,1.3418694617799317e-222,1.3418694617799317e-222,1.3418694617799317e-222,1.3418694617799317e-222,1.3418694617799317e-222
1.5128256513026053,5.198827279785527e-224,5.198827279785527e-224,5.198827279785527e-224,5.198827279785527e-224,5.198827279785527e-224
1.5160320641282565,1.9936320839485223e-225,1.9936320839485223e-225,1.9936320839485223e-225,1.9936320839485223e-225,1.9936320839485223e-225
1.5192384769539078,7.567094273701153e-227,7.567094273701153e-227,7.567094273701153e-227,7.567094273701153e-227,7.567094273701153e-227
1.522444889779559,2.842875104093296e-228,2.842875104093296e-228,2.842875104093296e-228,2.842875104093296e-228,2.842875104093296e-228
1.5256513026052103,1.057136142543833e-229,1.057136142543833e-229,1.057136142543833e-229,1.057136142543833e-229,1.057136142543833e-229
1.5288577154308618,3.8908865462562786e-231,3.8908865462562786e-231,3.8908865462562786e-231,3.8908865462562786e-231,3.8908865462562786e-231
1.532064128256513,1.4174596958995521e-232,1.4174596958995521e-232,1.4174596958995521e-232,1.4174596958995521e-232,1.4174596958995521e-232
1.5352705410821643,5.11113527919397e-234,5.11113527919397e-234,5.11113527919397e-234,5.11113527919397e-234,5.11113527919397e-234
1.5384769539078156,1.8241835620441692e-235,1.8241835620441692e-235,1.8241835620441692e-235,1.8241835620441692e-235,1.8241835620441692e-235
1.5416833667334668,6.444128698559162e-237,6.444128698559162e-237,6.444128698559162e-237,6.444128698559162e-237,6.444128698559162e-237
1.5448897795591183,2.2532240496743554e-238,2.2532240496743554e-238,2.2532240496743554e-238,2.2532240496743554e-238,2.2532240496743554e-238
1.5480961923847696,7.798104594203531e-240,7.798104594203531e-240,7.798104594203531e-240,7.798104594203531e-240,7.798104594203531e-240
1.5513026052104208,2.6712727830585272e-241,2.6712727830585272e-241,2.6712727830585272e-241,2.6712727830585272e-241,2.6712727830585272e-241
1.554509018036072,9.057157662727133e-243,9.057157662727133e-243,9.057157662727133e-243,9.057157662727133e-243,9.057157662727133e-243
1.5577154308617234,3.0395558076725874e-244,3.0395558076725874e-244,3.0395558076725874e-244,3.0395558076725874e-244,3.0395558076725874e-244
1.5609218436873749,1.0096545825801764e-245,1.0096545825801764e-245,1.0096545825801764e-245,1.0096545825801764e-245,1.0096545825801764e-245
1.5641282565130261,3.319556196607146e-247,3.319556196607146e-247,3.319556196607146e-247,3.319556196607146e-247,3.319556196607146e-247
1.5673346693386774,1.0802685557258403e-248,1.0802685557258403e-248,1.0802685557258403e-248,1.0802685557258403e-248,1.0802685557258403e-248
1.5705410821643286,3.479589005296289e-250,3.479589005296289e-250,3.479589005296289e-250,3.479589005296289e-250,3.479589005296289e-250
1.57374749498998,1.109350210691e-251,1.109350210691e-251,1.109350210691e-251,1.109350210691e-251,1.109350210691e-251
1.5769539078156312,3.500691949049779e-253,3.500691949049779e-253,3.500691949049779e-253,3.500691949049779e-253,3.500691949049779e-253
1.5801603206412826,1.0934114731625964e-254,1.0934114731625964e-254,1.0934114731625964e-254,1.0934114731625964e-254,1.0934114731625964e-254
1.583366733466934,3.3803203721651387e-256,3.3803203721651387e-256,3.3803203721651387e-256,3.3803203721651387e-256,3.3803203721651387e-256
1.5865731462925852,1.0343716388280557e-257,1.0343716388280557e-257,1.0343716388280557e-257,1.0343716388280557e-257,1.0343716388280557e-257
1.5897795591182364,3.1328517996540795e-259,3.1328517996540795e-259,3.1328517996540795e-259,3.1328517996540795e-259,3.1328517996540795e-259
1.5929859719438877,9.39177334350244e-261,9.39177334350244e-261,9.39177334350244e-261,9.39177334350244e-261,9.39177334350244e-261
1.5961923847695392,2.786761874096368e-262,2.786761874096368e-262,2.786761874096368e-262,2.786761874096368e-262,2.786761874096368e-262
1.5993987975951904,8.184584237000355e-264,8.184584237000355e-264,8.184584237000355e-264,8.184584237000355e-264,8.184584237000355e-264
1.6026052104208417,2.3792380175559814e-265,2.3792380175559814e-265,2.3792380175559814e-265,2.3792380175559814e-265,2.3792380175559814e-265
1.605811623246493,6.845791438647923e-267,6.845791438647923e-267,6.845791438647923e-267,6.845791438647923e-267,6.845791438647923e-267
1.6090180360721442,1.9496378267523476e-268,1.9496378267523476e-268,1.9496378267523476e-268,1.9496378267523476e-268,1.9496378267523476e-268
1.6122244488977957,5.495772241350933e-270,5.495772241350933e-270,5.495772241350933e-270,5.495772241350933e-270,5.495772241350933e-270
1.615430861723447,1.5333737180907418e-271,1.5333737180907418e-271,1.5333737180907418e-271,1.5333737180907418e-271,1.5333737180907418e-271
1.6186372745490982,4.234594309219675e-273,4.234594309219675e-273,4.234594309219675e-273,4.234594309219675e-273,4.234594309219675e-273
1.6218436873747495,1.1574976265289139e-274,1.1574976265289139e-274,1.1574976265289139e-274,1.1574976265289139e-274,1.1574976265289139e-274
1.6250501002004007,3.1316478054880117e-276,3.1316478054880117e-276,3.1316478054880117e-276,3.1316478054880117e-276,3.1316478054880117e-276
1.628256513026052,8.386296718596929e-278,8.386296718596929e-278,8.386296718596929e-278,8.386296718596929e-278,8.386296718596929e-278
1.6314629258517035,2.222859636079795e-279,2.222859636079795e-279,2.222859636079795e-279,2.222859636079795e-279,2.222859636079795e-279
1.6346693386773548,5.831742782373281e-281,5.831742782373281e-281,5.831742782373281e-281,5.831742782373281e-281,5.831742782373281e-281
1.637875751503006,1.5143601982596772e-282,1.5143601982596772e-282,1.5143601982596772e-282,1.5143601982596772e-282,1.5143601982596772e-282
1.6410821643286573,3.8922839727438314e-284,3.8922839727438314e-284,3.8922839727438314e-284,3.8922839727438314e-284,3.8922839727438314e-284
1.6442885771543085,9.902032663605731e-286,9.902032663605731e-286,9.902032663605731e-286,9.902032663605731e-286,9.902032663605731e-286
1.6474949899799598,2.493381291497331e-287,2.493381291497331e-287,2.493381291497331e-287,2.493381291497331e-287,2.493381291497331e-287
1.6507014028056113,6.214376244732336e-289,6.214376244732336e-289,6.214376244732336e-289,6.214376244732336e-289,6.214376244732336e-289
1.6539078156312625,1.5330308562641934e-290,1.5330308562641934e-290,1.5330308562641934e-290,1.5330308562641934e-290,1.5330308562641934e-290
1.6571142284569138,3.7432493173445446e-292,3.7432493173445446e-292,3.7432493173445446e-292,3.7432493173445446e-292,3.7432493173445446e-292
1.660320641282565,9.046719338111092e-294,9.046719338111092e-294,9.046719338111092e-294,9.046719338111092e-294,9.046719338111092e-294
1.6635270541082163,2.164103291228497e-295,2.164103291228497e-295,2.164103291228497e-295,2.164103291228497e-295,2.164103291228497e-295
1.6667334669338678,5.124002809353483e-297,5.124002809353483e-297,5.124002809353483e-297,5.124002809353483e-297,5.124002809353483e-297
1.669939879759519,1.2008402552310884e-298,1.2008402552310884e-298,1.2008402552310884e-298,1.2008402552310884e-298,1.2008402552310884e-298
1.6731462925851703,2.7855157754666856e-300,2.7855157754666856e-300,2.7855157754666856e-300,2.7855157754666856e-300,2.7855157754666856e-300
1.6763527054108216,6.395441222808862e-302,6.395441222808862e-302,6.395441222808862e-302,6.395441222808862e-302,6.395441222808862e-302
1.6795591182364729,1.4533824335140232e-303,1.4533824335140232e-303,1.4533824335140232e-303,1.4533824335140232e-303,1.4533824335140232e-303
1.6827655310621243,3.269142162849751e-305,3.269142162849751e-305,3.269142162849751e-305,3.269142162849751e-305,3.269142162849751e-305
1.6859719438877756,7.278337870090417e-307,7.278337870090417e-307,7.278337870090417e-307,7.278337870090417e-307,7.278337870090417e-307
1.6891783567134269,1.6038920064291036e-308,1.6038920064291036e-308,1.6038920064291036e-308,1.6038920064291036e-308,1.6038920064291036e-308
1.6923847695390781,3.4983442135967e-310,3.4983442135967e-310,3.4983442135967e-310,3.4983442135967e-310,3.4983442135967e-310
1.6955911823647294,7.55256480045e-312,7.55256480045e-312,7.55256480045e-312,7.55256480045e-312,7.55256480045e-312
1.6987975951903809,1.61387868906e-313,1.61387868906e-313,1.61387868906e-313,1.61387868906e-313,1.61387868906e-313
1.7020040080160321,3.4134364e-315,3.4134364e-315,3.4134364e-315,3.4134364e-315,3.4134364e-315
1.7052104208416834,7.1459096e-317,7.1459096e-317,7.1459096e-317,7.1459096e-317,7.1459096e-317
1.7084168336673347,1.48064e-318,1.48064e-318,1.48064e-318,1.48064e-318,1.48064e-318
1.711623246492986,3.0434e-320,3.0434e-320,3.0434e-320,3.0434e-320,3.0434e-320
1.7148296593186372,6.23e-322,6.23e-322,6.23e-322,6.23e-322,6.23e-322
1.7180360721442887,0.0,0.0,0.0,0.0,0.0
1.72124248496994,0.0,0.0,0.0,0.0,0.0
1.7244488977955912,0.0,0.0,0.0,0.0,0.0
1.7276553106212424,0.0,0.0,0.0,0.0,0.0
1.7308617234468937,0.0,0.0,0.0,0.0,0.0
1.734068136272545,0.0,0.0,0.0,0.0,0.0
1.7372745490981965,0.0,0.0,0.0,0.0,0.0
1.7404809619238477,0.0,0.0,0.0,0.0,0.0
1.743687374749499,0.0,0.0,0.0,0.0,0.0
1.7468937875751502,0.0,0.0,0.0,0.0,0.0
1.7501002004008015,0.0,0.0,0.0,0.0,0.0
1.753306613226453,0.0,0.0,0.0,0.0,0.0
1.7565130260521042,0.0,0.0,0.0,0.0,0.0
1.7597194388777555,0.0,0.0,0.0,0.0,0.0
1.7629258517034068,0.0,0.0,0.0,0.0,0.0
1.766132264529058,0.0,0.0,0.0,0.0,0.0
1.7693386773547095,0.0,0.0,0.0,0.0,0.0
1.7725450901803608,0.0,0.0,0.0,0.0,0.0
1.775751503006012,0.0,0.0,0.0,0.0,0.0
1.7789579158316633,0.0,0.0,0.0,0.0,0.0
1.7821643286573146,0.0,0.0,0.0,0.0,0.0
1.785370741482966,0.0,0.0,0.0,0.0,0.0
1.7885771543086173,0.0,0.0,0.0,0.0,0.0
1.7917835671342686,0.0,0.0,0.0,0.0,0.0
1.7949899799599198,0.0,0.0,0.0,0.0,0.0
1.798196392785571,0.0,0.0,0.0,0.0,0.0
1.8014028056112226,0.0,0.0,0.0,0.0,0.0
1.8046092184368738,0.0,0.0,0.0,0.0,0.0
1.807815631262525,0.0,0.0,0.0,0.0,0.0
1.8110220440881764,0.0,0.0,0.0,0.0,0.0
1.8142284569138276,0.0,0.0,0.0,0.0,0.0
1.8174348697394789,0.0,0.0,0.0,0.0,0.0
1.8206412825651301,0.0,0.0,0.0,0.0,0.0
1.8238476953907816,0.0,0.0,0.0,0.0,0.0
1.8270541082164329,0.0,0.0,0.0,0.0,0.0
1.8302605210420841,0.0,0.0,0.0,0.0,0.0
1.8334669338677354,0.0,0.0,0.0,0.0,0.0
1.8366733466933867,0.0,0.0,0.0,0.0,0.0
1.8398797595190381,0.0,0.0,0.0,0.0,0.0
1.8430861723446894,0.0,0.0,0.0,0.0,0.0
1.8462925851703407,0.0,0.0,0.0,0.0,0.0
1.849498997995992,0.0,0.0,0.0,0.0,0.0
1.8527054108216432,0.0,0.0,0.0,0.0,0.0
1.8559118236472947,0.0,0.0,0.0,0.0,0.0
1.859118236472946,0.0,0.0,0.0,0.0,0.0
1.8623246492985972,0.0,0.0,0.0,0.0,0.0
1.8655310621242485,0.0,0.0,0.0,0.0,0.0
1.8687374749498997,0.0,0.0,0.0,0.0,0.0
1.8719438877755512,0.0,0.0,0.0,0.0,0.0
1.8751503006012025,0.0,0.0,0.0,0.0,0.0
1.8783567134268537,0.0,0.0,0.0,0.0,0.0
1.881563126252505,0.0,0.0,0.0,0.0,0.0
1.8847695390781563,0.0,0.0,0.0,0.0,0.0
1.8879759519038077,0.0,0.0,0.0,0.0,0.0
1.891182364729459,0.0,0.0,0.0,0.0,0.0
1.8943887775551103,0.0,0.0,0.0,0.0,0.0
1.8975951903807615,0.0,0.0,0.0,0.0,0.0
1.9008016032064128,0.0,0.0,0.0,0.0,0.0
1.9040080160320643,0.0,0.0,0.0,0.0,0.0
1.9072144288577153,0.0,0.0,0.0,0.0,0.0
1.9104208416833668,0.0,0.0,0.0,0.0,0.0
1.913627254509018,0.0,0.0,0.0,0.0,0.0
1.9168336673346693,0.0,0.0,0.0,0.0,0.0
1.9200400801603206,0.0,0.0,0.0,0.0,0.0
1.9232464929859718,0.0,0.0,0.0,0.0,0.0
1.9264529058116233,0.0,0.0,0.0,0.0,0.0
1.9296593186372746,0.0,0.0,0.0,0.0,0.0
1.9328657314629258,0.0,0.0,0.0,0.0,0.0
1.936072144288577,0.0,0.0,0.0,0.0,0.0
1.9392785571142284,0.0,0.0,0.0,0.0,0.0
1.9424849699398798,0.0,0.0,0.0,0.0,0.0
1.945691382765531,0.0,0.0,0.0,0.0,0.0
1.9488977955911824,0.0,0.0,0.0,0.0,0.0
1.9521042084168336,0.0,0.0,0.0,0.0,0.0
1.955310621242485,0.0,0.0,0.0,0.0,0.0
1.9585170340681364,0.0,0.0,0.0,0.0,0.0
1.9617234468937876,0.0,0.0,0.0,0.0,0.0
1.964929859719439,0.0,0.0,0.0,0.0,0.0
1.9681362725450902,0.0,0.0,0.0,0.0,0.0
1.9713426853707414,0.0,0.0,0.0,0.0,0.0
1.974549098196393,0.0,0.0,0.0,0.0,0.0
1.9777555110220442,0.0,0.0,0.0,0.0,0.0
1.9809619238476954,0.0,0.0,0.0,0.0,0.0
1.9841683366733467,0.0,0.0,0.0,0.0,0.0
1.987374749498998,0.0,0.0,0.0,0.0,0.0
1.9905811623246494,0.0,0.0,0.0,0.0,0.0
1.9937875751503005,0.0,0.0,0.0,0.0,0.0
1.996993987975952,0.0,0.0,0.0,0.0,0.0
2.000200400801603,0.0,0.0,0.0,0.0,0.0
2.0034068136272545,0.0,0.0,0.0,0.0,0.0
2.006613226452906,0.0,0.0,0.0,0.0,0.0
2.009819639278557,0.0,0.0,0.0,0.0,0.0
2.0130260521042085,0.0,0.0,0.0,0.0,0.0
2.0162324649298595,0.0,0.0,0.0,0.0,0.0
2.019438877755511,0.0,0.0,0.0,0.0,0.0
2.0226452905811625,0.0,0.0,0.0,0.0,0.0
2.0258517034068135,0.0,0.0,0.0,0.0,0.0
2.029058116232465,0.0,0.0,0.0,0.0,0.0
2.032264529058116,0.0,0.0,0.0,0.0,0.0
2.0354709418837675,0.0,0.0,0.0,0.0,0.0
2.038677354709419,0.0,0.0,0.0,0.0,0.0
2.04188376753507,0.0,0.0,0.0,0.0,0.0
2.0450901803607215,0.0,0.0,0.0,0.0,0.0
2.0482965931863726,0.0,0.0,0.0,0.0,0.0
2.051503006012024,0.0,0.0,0.0,0.0,0.0
2.0547094188376755,0.0,0.0,0.0,0.0,0.0
2.0579158316633266,0.0,0.0,0.0,0.0,0.0
2.061122244488978,0.0,0.0,0.0,0.0,0.0
2.064328657314629,0.0,0.0,0.0,0.0,0.0
2.0675350701402806,0.0,0.0,0.0,0.0,0.0
2.070741482965932,0.0,0.0,0.0,0.0,0.0
2.073947895791583,0.0,0.0,0.0,0.0,0.0
2.0771543086172346,0.0,0.0,0.0,0.0,0.0
2.0803607214428856,0.0,0.0,0.0,0.0,0.0
2.083567134268537,0.0,0.0,0.0,0.0,0.0
2.0867735470941886,0.0,0.0,0.0,0.0,0.0
2.0899799599198396,0.0,0.0,0.0,0.0,0.0
2.093186372745491,0.0,0.0,0.0,0.0,0.0
2.096392785571142,0.0,0.0,0.0,0.0,0.0
2.0995991983967937,0.0,0.0,0.0,0.0,0.0
2.102805611222445,0.0,0.0,0.0,0.0,0.0
2.106012024048096,0.0,0.0,0.0,0.0,0.0
2.1092184368737477,0.0,0.0,0.0,0.0,0.0
2.1124248496993987,0.0,0.0,0.0,0.0,0.0
2.11563126252505,0.0,0.0,0.0,0.0,0.0
2.1188376753507017,0.0,0.0,0.0,0.0,0.0
2.1220440881763527,0.0,0.0,0.0,0.0,0.0
2.1252505010020037,0.0,0.0,0.0,0.0,0.0
2.1284569138276552,0.0,0.0,0.0,0.0,0.0
2.1316633266533067,0.0,0.0,0.0,0.0,0.0
2.1348697394789578,0.0,0.0,0.0,0.0,0.0
2.1380761523046092,0.0,0.0,0.0,0.0,0.0
2.1412825651302603,0.0,0.0,0.0,0.0,0.0
2.1444889779559118,0.0,0.0,0.0,0.0,0.0
2.1476953907815632,0.0,0.0,0.0,0.0,0.0
2.1509018036072143,0.0,0.0,0.0,0.0,0.0
2.1541082164328658,0.0,0.0,0.0,0.0,0.0
2.157314629258517,0.0,0.0,0.0,0.0,0.0
2.1605210420841683,0.0,0.0,0.0,0.0,0.0
2.1637274549098198,0.0,0.0,0.0,0.0,0.0
2.166933867735471,0.0,0.0,0.0,0.0,0.0
2.1701402805611223,0.0,0.0,0.0,0.0,0.0
2.1733466933867733,0.0,0.0,0.0,0.0,0.0
2.176553106212425,0.0,0.0,0.0,0.0,0.0
2.1797595190380763,0.0,0.0,0.0,0.0,0.0
2.1829659318637273,0.0,0.0,0.0,0.0,0.0
2.186172344689379,0.0,0.0,0.0,0.0,0.0
2.18937875751503,0.0,0.0,0.0,0.0,0.0
2.1925851703406813,0.0,0.0,0.0,0.0,0.0
2.195791583166333,0.0,0.0,0.0,0.0,0.0
2.198997995991984,0.0,0.0,0.0,0.0,0.0
2.2022044088176354,0.0,0.0,0.0,0.0,0.0
2.2054108216432864,0.0,0.0,0.0,0.0,0.0
2.208617234468938,0.0,0.0,0.0,0.0,0.0
2.2118236472945894,0.0,0.0,0.0,0.0,0.0
2.2150300601202404,0.0,0.0,0.0,0.0,0.0
2.218236472945892,0.0,0.0,0.0,0.0,0.0
2.221442885771543,0.0,0.0,0.0,0.0,0.0
2.2246492985971944,0.0,0.0,0.0,0.0,0.0
2.227855711422846,0.0,0.0,0.0,0.0,0.0
2.231062124248497,0.0,0.0,0.0,0.0,0.0
2.2342685370741484,0.0,0.0,0.0,0.0,0.0
2.2374749498997994,0.0,0.0,0.0,0.0,0.0
2.240681362725451,0.0,0.0,0.0,0.0,0.0
2.2438877755511024,0.0,0.0,0.0,0.0,0.0
2.2470941883767535,0.0,0.0,0.0,0.0,0.0
2.250300601202405,0.0,0.0,0.0,0.0,0.0
2.253507014028056,0.0,0.0,0.0,0.0,0.0
2.2567134268537075,0.0,0.0,0.0,0.0,0.0
2.259919839679359,0.0,0.0,0.0,0.0,0.0
2.26312625250501,0.0,0.0,0.0,0.0,0.0
2.2663326653306615,0.0,0.0,0.0,0.0,0.0
2.2695390781563125,0.0,0.0,0.0,0.0,0.0
2.272745490981964,0.0,0.0,0.0,0.0,0.0
2.2759519038076155,0.0,0.0,0.0,0.0,0.0
2.2791583166332665,0.0,0.0,0.0,0.0,0.0
2.282364729458918,0.0,0.0,0.0,0.0,0.0
2.285571142284569,0.0,0.0,0.0,0.0,0.0
2.2887775551102205,0.0,0.0,0.0,0.0,0.0
2.291983967935872,0.0,0.0,0.0,0.0,0.0
2.295190380761523,0.0,0.0,0.0,0.0,0.0
2.298396793587174,0.0,0.0,0.0,0.0,0.0
2.3016032064128256,0.0,0.0,0.0,0.0,0.0
2.304809619238477,0.0,0.0,0.0,0.0,0.0
2.3080160320641285,0.0,0.0,0.0,0.0,0.0
2.3112224448897796,0.0,0.0,0.0,0.0,0.0
2.3144288577154306,0.0,0.0,0.0,0.0,0.0
2.317635270541082,0.0,0.0,0.0,0.0,0.0
2.3208416833667336,0.0,0.0,0.0,0.0,0.0
2.3240480961923846,0.0,0.0,0.0,0.0,0.0
2.327254509018036,0.0,0.0,0.0,0.0,0.0
2.330460921843687,0.0,0.0,0.0,0.0,0.0
2.3336673346693386,0.0,0.0,0.0,0.0,0.0
2.33687374749499,0.0,0.0,0.0,0.0,0.0
2.340080160320641,0.0,0.0,0.0,0.0,0.0
2.3432865731462926,0.0,0.0,0.0,0.0,0.0
2.3464929859719437,0.0,0.0,0.0,0.0,0.0
2.349699398797595,0.0,0.0,0.0,0.0,0.0
2.3529058116232466,0.0,0.0,0.0,0.0,0.0
2.3561122244488977,0.0,0.0,0.0,0.0,0.0
2.359318637274549,0.0,0.0,0.0,0.0,0.0
2.3625250501002,0.0,0.0,0.0,0.0,0.0
2.3657314629258517,0.0,0.0,0.0,0.0,0.0
2.368937875751503,0.0,0.0,0.0,0.0,0.0
2.372144288577154,0.0,0.0,0.0,0.0,0.0
2.3753507014028057,0.0,0.0,0.0,0.0,0.0
2.3785571142284567,0.0,0.0,0.0,0.0,0.0
2.381763527054108,0.0,0.0,0.0,0.0,0.0
2.3849699398797597,0.0,0.0,0.0,0.0,0.0
2.3881763527054107,0.0,0.0,0.0,0.0,0.0
2.391382765531062,0.0,0.0,0.0,0.0,0.0
2.3945891783567133,0.0,0.0,0.0,0.0,0.0
2.3977955911823647,0.0,0.0,0.0,0.0,0.0
2.401002004008016,0.0,0.0,0.0,0.0,0.0
2.4042084168336673,0.0,0.0,0.0,0.0,0.0
2.4074148296593187,0.0,0.0,0.0,0.0,0.0
2.41062124248497,0.0,0.0,0.0,0.0,0.0
2.4138276553106213,0.0,0.0,0.0,0.0,0.0
2.4170340681362728,0.0,0.0,0.0,0.0,0.0
2.420240480961924,0.0,0.0,0.0,0.0,0.0
2.4234468937875753,0.0,0.0,0.0,0.0,0.0
2.4266533066132263,0.0,0.0,0.0,0.0,0.0
2.429859719438878,0.0,0.0,0.0,0.0,0.0
2.4330661322645293,0.0,0.0,0.0,0.0,0.0
2.4362725450901803,0.0,0.0,0.0,0.0,0.0
2.439478957915832,0.0,0.0,0.0,0.0,0.0
2.442685370741483,0.0,0.0,0.0,0.0,0.0
2.4458917835671343,0.0,0.0,0.0,0.0,0.0
2.449098196392786,0.0,0.0,0.0,0.0,0.0
2.452304609218437,0.0,0.0,0.0,0.0,0.0
2.4555110220440883,0.0,0.0,0.0,0.0,0.0
2.4587174348697394,0.0,0.0,0.0,0.0,0.0
2.461923847695391,0.0,0.0,0.0,0.0,0.0
2.4651302605210423,0.0,0.0,0.0,0.0,0.0
2.4683366733466934,0.0,0.0,0.0,0.0,0.0
2.4715430861723444,0.0,0.0,0.0,0.0,0.0
2.474749498997996,0.0,0.0,0.0,0.0,0.0
2.4779559118236474,0.0,0.0,0.0,0.0,0.0
2.481162324649299,0.0,0.0,0.0,0.0,0.0
2.48436873747495,0.0,0.0,0.0,0.0,0.0
2.487575150300601,0.0,0.0,0.0,0.0,0.0
2.4907815631262524,0.0,0.0,0.0,0.0,0.0
2.493987975951904,0.0,0.0,0.0,0.0,0.0
2.497194388777555,0.0,0.0,0.0,0.0,0.0
2.5004008016032064,0.0,0.0,0.0,0.0,0.0
2.5036072144288575,0.0,0.0,0.0,0.0,0.0
2.506813627254509,0.0,0.0,0.0,0.0,0.0
2.5100200400801604,0.0,0.0,0.0,0.0,0.0
2.513226452905812,0.0,0.0,0.0,0.0,0.0
2.516432865731463,0.0,0.0,0.0,0.0,0.0
2.519639278557114,0.0,0.0,0.0,0.0,0.0
2.5228456913827655,0.0,0.0,0.0,0.0,0.0
2.526052104208417,0.0,0.0,0.0,0.0,0.0
2.5292585170340685,0.0,0.0,0.0,0.0,0.0
2.5324649298597195,0.0,0.0,0.0,0.0,0.0
2.5356713426853705,0.0,0.0,0.0,0.0,0.0
2.538877755511022,0.0,0.0,0.0,0.0,0.0
2.5420841683366735,0.0,0.0,0.0,0.0,0.0
2.5452905811623245,0.0,0.0,0.0,0.0,0.0
2.548496993987976,0.0,0.0,0.0,0.0,0.0
2.551703406813627,0.0,0.0,0.0,0.0,0.0
2.5549098196392785,0.0,0.0,0.0,0.0,0.0
2.55811623246493,0.0,0.0,0.0,0.0,0.0
2.561322645290581,0.0,0.0,0.0,0.0,0.0
2.5645290581162326,0.0,0.0,0.0,0.0,0.0
2.5677354709418836,0.0,0.0,0.0,0.0,0.0
2.570941883767535,0.0,0.0,0.0,0.0,0.0
2.5741482965931866,0.0,0.0,0.0,0.0,0.0
2.5773547094188376,0.0,0.0,0.0,0.0,0.0
2.580561122244489,0.0,0.0,0.0,0.0,0.0
2.58376753507014,0.0,0.0,0.0,0.0,0.0
2.5869739478957916,0.0,0.0,0.0,0.0,0.0
2.590180360721443,0.0,0.0,0.0,0.0,0.0
2.593386773547094,0.0,0.0,0.0,0.0,0.0
2.596593186372745,0.0,0.0,0.0,0.0,0.0
2.5997995991983966,0.0,0.0,0.0,0.0,0.0
2.603006012024048,0.0,0.0,0.0,0.0,0.0
2.6062124248496996,0.0,0.0,0.0,0.0,0.0
2.6094188376753507,0.0,0.0,0.0,0.0,0.0
2.6126252505010017,0.0,0.0,0.0,0.0,0.0
2.615831663326653,0.0,0.0,0.0,0.0,0.0
2.6190380761523047,0.0,0.0,0.0,0.0,0.0
2.622244488977956,0.0,0.0,0.0,0.0,0.0
2.625450901803607,0.0,0.0,0.0,0.0,0.0
2.6286573146292582,0.0,0.0,0.0,0.0,0.0
2.6318637274549097,0.0,0.0,0.0,0.0,0.0
2.635070140280561,0.0,0.0,0.0,0.0,0.0
2.6382765531062127,0.0,0.0,0.0,0.0,0.0
2.6414829659318637,0.0,0.0,0.0,0.0,0.0
2.6446893787575148,0.0,0.0,0.0,0.0,0.0
2.6478957915831662,0.0,0.0,0.0,0.0,0.0
2.6511022044088177,0.0,0.0,0.0,0.0,0.0
2.654308617234469,0.0,0.0,0.0,0.0,0.0
2.6575150300601202,0.0,0.0,0.0,0.0,0.0
2.6607214428857713,0.0,0.0,0.0,0.0,0.0
2.6639278557114228,0.0,0.0,0.0,0.0,0.0
2.6671342685370742,0.0,0.0,0.0,0.0,0.0
2.6703406813627257,0.0,0.0,0.0,0.0,0.0
2.6735470941883768,0.0,0.0,0.0,0.0,0.0
2.676753507014028,0.0,0.0,0.0,0.0,0.0
2.6799599198396793,0.0,0.0,0.0,0.0,0.0
2.6831663326653308,0.0,0.0,0.0,0.0,0.0
2.6863727454909823,0.0,0.0,0.0,0.0,0.0
2.6895791583166333,0.0,0.0,0.0,0.0,0.0
2.6927855711422843,0.0,0.0,0.0,0.0,0.0
2.695991983967936,0.0,0.0,0.0,0.0,0.0
2.6991983967935873,0.0,0.0,0.0,0.0,0.0
2.702404809619239,0.0,0.0,0.0,0.0,0.0
2.70561122244489,0.0,0.0,0.0,0.0,0.0
2.708817635270541,0.0,0.0,0.0,0.0,0.0
2.7120240480961924,0.0,0.0,0.0,0.0,0.0
2.715230460921844,0.0,0.0,0.0,0.0,0.0
2.7184368737474953,0.0,0.0,0.0,0.0,0.0
2.7216432865731464,0.0,0.0,0.0,0.0,0.0
2.7248496993987974,0.0,0.0,0.0,0.0,0.0
2.728056112224449,0.0,0.0,0.0,0.0,0.0
2.7312625250501004,0.0,0.0,0.0,0.0,0.0
2.7344689378757514,0.0,0.0,0.0,0.0,0.0
2.737675350701403,0.0,0.0,0.0,0.0,0.0
2.740881763527054,0.0,0.0,0.0,0.0,0.0
2.7440881763527054,0.0,0.0,0.0,0.0,0.0
2.747294589178357,0.0,0.0,0.0,0.0,0.0
2.750501002004008,0.0,0.0,0.0,0.0,0.0
2.7537074148296594,0.0,0.0,0.0,0.0,0.0
2.7569138276553105,0.0,0.0,0.0,0.0,0.0
2.760120240480962,0.0,0.0,0.0,0.0,0.0
2.7633266533066134,0.0,0.0,0.0,0.0,0.0
2.7665330661322645,0.0,0.0,0.0,0.0,0.0
2.7697394789579155,0.0,0.0,0.0,0.0,0.0
2.772945891783567,0.0,0.0,0.0,0.0,0.0
2.7761523046092185,0.0,0.0,0.0,0.0,0.0
2.77935871743487,0.0,0.0,0.0,0.0,0.0
2.782565130260521,0.0,0.0,0.0,0.0,0.0
2.785771543086172,0.0,0.0,0.0,0.0,0.0
2.7889779559118235,0.0,0.0,0.0,0.0,0.0
2.792184368737475,0.0,0.0,0.0,0.0,0.0
2.7953907815631265,0.0,0.0,0.0,0.0,0.0
2.7985971943887775,0.0,0.0,0.0,0.0,0.0
2.8018036072144286,0.0,0.0,0.0,0.0,0.0
2.80501002004008,0.0,0.0,0.0,0.0,0.0
2.8082164328657315,0.0,0.0,0.0,0.0,0.0
2.811422845691383,0.0,0.0,0.0,0.0,0.0
2.814629258517034,0.0,0.0,0.0,0.0,0.0
2.817835671342685,0.0,0.0,0.0,0.0,0.0
2.8210420841683366,0.0,0.0,0.0,0.0,0.0
2.824248496993988,0.0,0.0,0.0,0.0,0.0
2.8274549098196395,0.0,0.0,0.0,0.0,0.0
2.8306613226452906,0.0,0.0,0.0,0.0,0.0
2.8338677354709416,0.0,0.0,0.0,0.0,0.0
2.837074148296593,0.0,0.0,0.0,0.0,0.0
2.8402805611222446,0.0,0.0,0.0,0.0,0.0
2.843486973947896,0.0,0.0,0.0,0.0,0.0
2.846693386773547,0.0,0.0,0.0,0.0,0.0
2.849899799599198,0.0,0.0,0.0,0.0,0.0
2.8531062124248496,0.0,0.0,0.0,0.0,0.0
2.856312625250501,0.0,0.0,0.0,0.0,0.0
2.8595190380761526,0.0,0.0,0.0,0.0,0.0
2.8627254509018036,0.0,0.0,0.0,0.0,0.0
2.8659318637274547,0.0,0.0,0.0,0.0,0.0
2.869138276553106,0.0,0.0,0.0,0.0,0.0
2.8723446893787576,0.0,0.0,0.0,0.0,0.0
2.875551102204409,0.0,0.0,0.0,0.0,0.0
2.87875751503006,0.0,0.0,0.0,0.0,0.0
2.881963927855711,0.0,0.0,0.0,0.0,0.0
2.8851703406813627,0.0,0.0,0.0,0.0,0.0
2.888376753507014,0.0,0.0,0.0,0.0,0.0
2.8915831663326657,0.0,0.0,0.0,0.0,0.0
2.8947895791583167,0.0,0.0,0.0,0.0,0.0
2.8979959919839677,0.0,0.0,0.0,0.0,0.0
2.901202404809619,0.0,0.0,0.0,0.0,0.0
2.9044088176352707,0.0,0.0,0.0,0.0,0.0
2.9076152304609217,0.0,0.0,0.0,0.0,0.0
2.9108216432865732,0.0,0.0,0.0,0.0,0.0
2.9140280561122243,0.0,0.0,0.0,0.0,0.0
2.9172344689378757,0.0,0.0,0.0,0.0,0.0
2.9204408817635272,0.0,0.0,0.0,0.0,0.0
2.9236472945891783,0.0,0.0,0.0,0.0,0.0
2.9268537074148298,0.0,0.0,0.0,0.0,0.0
2.930060120240481,0.0,0.0,0.0,0.0,0.0
2.9332665330661323,0.0,0.0,0.0,0.0,0.0
2.9364729458917838,0.0,0.0,0.0,0.0,0.0
2.939679358717435,0.0,0.0,0.0,0.0,0.0
2.942885771543086,0.0,0.0,0.0,0.0,0.0
2.9460921843687373,0.0,0.0,0.0,0.0,0.0
2.949298597194389,0.0,0.0,0.0,0.0,0.0
2.9525050100200403,0.0,0.0,0.0,0.0,0.0
2.9557114228456913,0.0,0.0,0.0,0.0,0.0
2.9589178356713424,0.0,0.0,0.0,0.0,0.0
2.962124248496994,0.0,0.0,0.0,0.0,0.0
2.9653306613226453,0.0,0.0,0.0,0.0,0.0
2.968537074148297,0.0,0.0,0.0,0.0,0.0
2.971743486973948,0.0,0.0,0.0,0.0,0.0
2.974949899799599,0.0,0.0,0.0,0.0,0.0
2.9781563126252504,0.0,0.0,0.0,0.0,0.0
2.981362725450902,0.0,0.0,0.0,0.0,0.0
2.9845691382765533,0.0,0.0,0.0,0.0,0.0
2.9877755511022044,0.0,0.0,0.0,0.0,0.0
2.9909819639278554,0.0,0.0,0.0,0.0,0.0
2.994188376753507,0.0,0.0,0.0,0.0,0.0
2.9973947895791584,0.0,0.0,0.0,0.0,0.0
3.00060120240481,0.0,0.0,0.0,0.0,0.0
3.003807615230461,0.0,0.0,0.0,0.0,0.0
3.007014028056112,0.0,0.0,0.0,0.0,0.0
3.0102204408817634,0.0,0.0,0.0,0.0,0.0
3.013426853707415,0.0,0.0,0.0,0.0,0.0
3.0166332665330664,0.0,0.0,0.0,0.0,0.0
3.0198396793587174,0.0,0.0,0.0,0.0,0.0
3.0230460921843685,0.0,0.0,0.0,0.0,0.0
3.02625250501002,0.0,0.0,0.0,0.0,0.0
3.0294589178356714,0.0,0.0,0.0,0.0,0.0
3.032665330661323,0.0,0.0,0.0,0.0,0.0
3.035871743486974,0.0,0.0,0.0,0.0,0.0
3.039078156312625,0.0,0.0,0.0,0.0,0.0
3.0422845691382765,0.0,0.0,0.0,0.0,0.0
3.045490981963928,0.0,0.0,0.0,0.0,0.0
3.0486973947895795,0.0,0.0,0.0,0.0,0.0
3.0519038076152305,0.0,0.0,0.0,0.0,0.0
3.0551102204408815,0.0,0.0,0.0,0.0,0.0
3.058316633266533,0.0,0.0,0.0,0.0,0.0
3.0615230460921845,0.0,0.0,0.0,0.0,0.0
3.064729458917836,0.0,0.0,0.0,0.0,0.0
3.067935871743487,0.0,0.0,0.0,0.0,0.0
3.071142284569138,0.0,0.0,0.0,0.0,0.0
3.0743486973947896,0.0,0.0,0.0,0.0,0.0
3.077555110220441,0.0,0.0,0.0,0.0,0.0
3.080761523046092,0.0,0.0,0.0,0.0,0.0
3.0839679358717436,0.0,0.0,0.0,0.0,0.0
3.0871743486973946,0.0,0.0,0.0,0.0,0.0
3.090380761523046,0.0,0.0,0.0,0.0,0.0
3.0935871743486976,0.0,0.0,0.0,0.0,0.0
3.0967935871743486,0.0,0.0,0.0,0.0,0.0
3.1,0.0,0.0,0.0,0.0,0.0
